{"Loss": 0.3767634183168411, "_runtime": 459, "_timestamp": 1634135320, "_step": 771, "Val Loss": 0.2497437447309494, "Acc": 50.25, "Val Acc": 53.0}